parameter,min,likely,max
w,22.0,30.0,40.0
tau,0.002,0.003,0.006
phi,1.2,1.3,1.5
cTB,18.0,23.0,30.0
alpha,25.0,40.0,60.0
beta_ops,400.0,700.0,1200.0
eta,0.0000462098,0.0000693147,0.0000990210
L_breach,15000.0,23167.0,40000.0
